overall_rank,team_id,team,conference,scheduled_games,score_model_rating,fpi,fpi_rank,fpi_projected_wins,consensus_rating,average_opponent_rating,expected_regular_wins,expected_regular_points,conference_title_game_probability,conference_title_probability,expected_conference_title_points,playoff_probability,expected_playoff_wins,expected_playoff_points,expected_postseason_points,expected_points_before_playoff,national_title_probability,expected_fantasy_points,median_fantasy_points,p10_fantasy_points,p90_fantasy_points,schedule_difficulty_rank,pre_playoff_rank,playoff_rank_lift,playoff_value_share
1,87,Notre Dame,FBS Indep.,12,1684.1774226656753,25.856,3,10.706,1758.56,1528.4875,10.6758462866222,10.6758462866222,0.0,0.0,0.0,0.87505,1.24,1.24,1.24,10.6758462866222,0.14705,11.9158462866222,12.0,9.0,14.0,61,2,1,0.10406310808088683
2,2641,Texas Tech,Big 12,12,1635.5308344856726,20.016,10,10.814,1700.1599999999999,1510.7416666666666,10.341275649493829,10.341275649493829,0.80295,0.57645,0.57645,0.79295,0.74685,0.74685,1.3233000000000001,10.917725649493828,0.05375,11.664575649493829,12.0,9.0,14.0,68,1,-1,0.06402718988173468
3,194,Ohio State,Big Ten,12,1698.257164533414,28.676,1,10.211,1786.76,1584.3149999999998,9.776662962679291,9.776662962679291,0.5557,0.36725,0.36725,0.74155,1.19395,1.19395,1.5612000000000001,10.143912962679291,0.1916,11.337862962679292,12.0,8.0,14.0,17,5,2,0.1053064412517695
4,2390,Miami,ACC,12,1651.2036361842743,21.834,7,10.418,1718.34,1542.1783333333333,9.902633890234005,9.902633890234005,0.75975,0.56905,0.56905,0.75225,0.81155,0.81155,1.3805999999999998,10.471683890234006,0.0655,11.283233890234007,12.0,8.0,14.0,48,3,-1,0.07192530154873614
5,2483,Oregon,Big Ten,12,1687.5523267232966,25.276,4,10.159,1752.76,1575.95,9.945829005653232,9.945829005653232,0.5543,0.294,0.294,0.74355,0.99745,0.99745,1.29145,10.239829005653233,0.11655,11.237279005653233,11.0,8.0,14.0,20,4,-1,0.08876259097048354
6,84,Indiana,Big Ten,12,1695.9087873842316,23.14,6,10.08,1731.4,1554.1266666666668,9.885864233974386,9.885864233974386,0.44615,0.21295,0.21295,0.68035,0.8119,0.8119,1.02485,10.098814233974386,0.07535,10.910714233974385,11.0,8.0,14.0,35,6,0,0.07441309364256474
7,61,Georgia,SEC,12,1679.9385020005304,24.837,5,9.928,1748.37,1592.5833333333333,9.719271185589168,9.719271185589168,0.5644,0.30775,0.30775,0.66,0.85605,0.85605,1.1638,10.027021185589168,0.09865,10.883071185589168,11.0,8.0,14.0,15,7,0,0.07865886250321873
8,251,Texas,SEC,12,1647.6536906566275,26.914,2,9.753,1769.1399999999999,1618.5366666666666,9.40732834949615,9.40732834949615,0.53665,0.32935,0.32935,0.62365,0.95175,0.95175,1.2811,9.73667834949615,0.1356,10.688428349496151,11.0,7.0,14.0,2,8,0,0.08904489686220941
9,213,Penn State,Big Ten,12,1613.0482075409911,13.716,17,8.961,1637.16,1517.806666666667,8.925523084775273,8.925523084775273,0.1672,0.0422,0.0422,0.3032,0.2086,0.2086,0.2508,8.967723084775272,0.00605,9.176323084775273,9.0,7.0,12.0,67,10,1,0.02273241668507671
10,2439,UNLV,Mountain West,12,1577.9475737127705,1.791,58,8.977,1517.91,1417.3733333333332,8.657809072120493,8.657809072120493,0.63895,0.41825,0.41825,0.29665,0.08945,0.08945,0.5077,9.076059072120493,0.0002,9.165509072120493,9.0,6.0,12.0,120,9,-1,0.009759414266697707
11,333,Alabama,SEC,12,1630.2661046011833,20.126,8,8.617,1701.26,1604.8491666666669,8.512262847485294,8.512262847485294,0.2341,0.10075,0.10075,0.3206,0.3362,0.3362,0.43695,8.613012847485294,0.02205,8.949212847485294,9.0,6.0,12.0,7,12,1,0.0375675498761292
12,252,BYU,Big 12,12,1625.3054584126166,13.125,20,8.698,1631.25,1541.7333333333333,8.504829490081129,8.504829490081129,0.3975,0.16755,0.16755,0.30875,0.20495,0.20495,0.3725,8.672379490081129,0.0053,8.877329490081129,9.0,6.0,12.0,49,11,-1,0.0230868979493209
13,99,LSU,SEC,12,1564.2547522644318,20.034,9,8.408,1700.34,1602.3708333333332,8.364214779331705,8.364214779331705,0.19745,0.0863,0.0863,0.27815,0.2973,0.2973,0.3836,8.450514779331705,0.0208,8.747814779331705,8.0,6.0,12.0,11,14,1,0.03398563041165721
14,245,Texas A&M,SEC,12,1613.5211194029666,20.002,11,8.372,1700.02,1602.5441666666666,8.243485110989374,8.243485110989374,0.15225,0.06645,0.06645,0.2423,0.26175,0.26175,0.3282,8.309935110989374,0.0176,8.571685110989373,8.0,6.0,12.0,10,17,3,0.030536586051723023
15,2649,Toledo,MAC,12,1565.186888612266,-2.972,79,8.465,1470.28,1407.3291666666667,8.197758189755287,8.197758189755287,0.5299,0.32315,0.32315,0.15765,0.03405,0.03405,0.35719999999999996,8.520908189755287,0.0001,8.554958189755288,9.0,6.0,11.0,132,13,-2,0.003980148031673079
16,58,South Florida,American,12,1562.3653862349186,-0.949,73,8.404,1490.51,1420.3083333333334,8.29828887796521,8.29828887796521,0.27855,0.1426,0.1426,0.15045,0.0379,0.0379,0.1805,8.44088887796521,0.0,8.47878887796521,8.0,6.0,11.0,115,15,-1,0.0044699780293498085
17,30,USC,Big Ten,12,1593.116589512651,16.982,13,8.212,1669.82,1568.166666666667,8.225954468876882,8.225954468876882,0.10075,0.0358,0.0358,0.2124,0.1948,0.1948,0.2306,8.261754468876882,0.00945,8.456554468876883,8.0,6.0,11.0,26,19,2,0.02303538642326884
18,2567,SMU,ACC,12,1623.3408692534717,11.117,24,8.317,1611.17,1535.0800000000002,8.18720336157432,8.18720336157432,0.2965,0.10585,0.10585,0.20085,0.1201,0.1201,0.22594999999999998,8.29305336157432,0.00235,8.41315336157432,8.0,6.0,11.0,56,18,0,0.014275265746198897
19,2655,Tulane,American,12,1594.9819830148276,2.251,56,8.198,1522.51,1446.5233333333333,8.065451081259404,8.065451081259404,0.4469,0.2643,0.2643,0.1814,0.05815,0.05815,0.32244999999999996,8.329751081259404,0.00015,8.387901081259404,8.0,6.0,11.0,89,16,-3,0.006932604406830827
20,228,Clemson,ACC,12,1587.3371362190212,13.421,19,8.146,1634.21,1557.734166666667,8.11748960675531,8.11748960675531,0.22095,0.10115,0.10115,0.2119,0.1488,0.1488,0.24995,8.21863960675531,0.0043,8.36743960675531,8.0,6.0,11.0,33,21,1,0.017783217685834126
21,256,James Madison,Sun Belt,12,1641.3759079910224,-2.026,75,8.157,1479.74,1421.7466666666667,7.9933464025555,7.9933464025555,0.4279,0.26335,0.26335,0.1449,0.0313,0.0313,0.29464999999999997,8.2566964025555,0.0,8.2879964025555,8.0,6.0,11.0,113,20,-1,0.0037765460407715714
22,151,East Carolina,American,12,1561.243778493544,-0.564,68,8.003,1494.36,1440.9158333333335,7.891993079548553,7.891993079548553,0.3725,0.1865,0.1865,0.1076,0.0268,0.0268,0.2133,8.078493079548553,0.0,8.105293079548552,8.0,6.0,11.0,96,22,0,0.0033064813001793024
23,2426,Navy,American,12,1594.6544600833706,-0.712,69,7.948,1492.88,1446.5858333333333,7.82660356971971,7.82660356971971,0.3615,0.18265,0.18265,0.1113,0.02785,0.02785,0.21050000000000002,8.00925356971971,0.0,8.037103569719712,8.0,6.0,11.0,88,23,0,0.003465178687621572
24,62,Hawai'i,Mountain West,12,1523.2734238955168,-2.371,76,7.89,1476.29,1412.3533333333335,7.763164919657541,7.763164919657541,0.46155,0.22655,0.22655,0.0969,0.02285,0.02285,0.2494,7.9897149196575405,0.0,8.01256491965754,8.0,5.0,11.0,125,24,0,0.002851770965866522
25,130,Michigan,Big Ten,12,1601.2283210373141,15.875,15,7.837,1658.75,1583.1074999999998,7.805960231592829,7.805960231592829,0.0733,0.02595,0.02595,0.13385,0.11685,0.11685,0.14279999999999998,7.831910231592829,0.005,7.948760231592829,8.0,6.0,10.0,18,26,1,0.014700405672770527
26,68,Boise State,Pac-12,11,1582.2686603041427,4.045,50,7.757,1540.45,1479.7854545454547,7.436346847417866,7.436346847417866,0.63225,0.40685,0.40685,0.10955,0.03475,0.03475,0.4416,7.843196847417866,0.00015,7.877946847417866,8.0,5.0,10.0,72,25,-1,0.004411047786059882
27,254,Utah,Big 12,12,1624.8045522917819,8.451,31,7.728,1584.51,1531.1833333333334,7.712283390826298,7.712283390826298,0.1835,0.06385,0.06385,0.1301,0.0657,0.0657,0.12955,7.776133390826298,0.0007,7.841833390826298,8.0,5.0,10.0,59,28,1,0.008378142804826558
28,2711,Western Michigan,MAC,12,1551.3073507578426,-4.037,82,7.743,1459.63,1419.3200000000004,7.579213535428039,7.579213535428039,0.42485,0.2399,0.2399,0.07605,0.0151,0.0151,0.255,7.819113535428039,5e-05,7.83421353542804,8.0,5.0,10.0,117,27,-1,0.0019274429949751144
29,258,Virginia,ACC,12,1557.6519254022755,7.895,32,7.726,1578.95,1526.7441666666664,7.731545426090148,7.731545426090148,0.14335,0.04305,0.04305,0.10795,0.05245,0.05245,0.0955,7.774595426090148,0.0005,7.827045426090148,8.0,5.0,10.0,65,29,0,0.00670112375037031
30,2294,Iowa,Big Ten,12,1610.0527087829255,10.569,25,7.646,1605.69,1545.885833333333,7.682935265497229,7.682935265497229,0.0374,0.00825,0.00825,0.0825,0.05145,0.05145,0.0597,7.6911852654972295,0.00105,7.7426352654972295,8.0,6.0,10.0,46,31,1,0.006645024366480461
31,167,New Mexico,Mountain West,12,1523.3743793371852,-3.531,81,7.656,1464.69,1427.195,7.536623999299547,7.536623999299547,0.33545,0.15745,0.15745,0.0699,0.01535,0.01535,0.1728,7.694073999299547,5e-05,7.709423999299546,8.0,5.0,10.0,108,30,-1,0.001991069631323255
32,97,Louisville,ACC,12,1596.2383813782105,9.454,27,7.622,1594.54,1546.2408333333335,7.511935331493032,7.511935331493032,0.18525,0.0618,0.0618,0.1163,0.0621,0.0621,0.12390000000000001,7.573735331493032,0.0013,7.635835331493032,8.0,5.0,10.0,45,32,0,0.008132705500323776
33,201,Oklahoma,SEC,12,1594.932344196331,17.782,12,7.518,1677.82,1608.68,7.467411117196767,7.467411117196767,0.08245,0.0322,0.0322,0.12195,0.116,0.116,0.1482,7.499611117196767,0.00565,7.615611117196766,8.0,5.0,10.0,4,34,1,0.015231870195953295
34,21,San Diego State,Pac-12,11,1529.6652344372585,1.426,59,7.517,1514.26,1460.4863636363639,7.239842921182333,7.239842921182333,0.5121,0.2656,0.2656,0.07245,0.0221,0.0221,0.2877,7.5054429211823335,5e-05,7.5275429211823335,7.0,5.0,10.0,77,33,-1,0.0029358849536162868
35,2335,Liberty,CUSA,12,1499.0926880668944,-7.748,96,7.385,1422.52,1391.7875000000001,7.271582558854431,7.271582558854431,0.34775,0.1725,0.1725,0.04955,0.0076,0.0076,0.18009999999999998,7.444082558854431,0.0,7.451682558854431,7.0,5.0,10.0,138,35,0,0.0010199038861323114
36,248,Houston,Big 12,12,1538.532344775118,7.12,35,7.397,1571.2,1527.375,7.341605534280052,7.341605534280052,0.10245,0.03545,0.03545,0.07915,0.0365,0.0365,0.07195,7.377055534280052,0.0005,7.413555534280052,7.0,5.0,10.0,63,36,0,0.004923413580868873
37,2633,Tennessee,SEC,12,1587.4373459150963,15.058,16,7.336,1650.58,1599.7475000000002,7.314700465643054,7.314700465643054,0.0596,0.0211,0.0211,0.0934,0.0771,0.0771,0.09820000000000001,7.335800465643054,0.00345,7.4129004656430535,7.0,5.0,10.0,13,37,0,0.010400787162506671
38,145,Ole Miss,SEC,12,1666.9914353966446,16.029,14,7.311,1660.29,1608.5566666666664,7.270621052758491,7.270621052758491,0.0605,0.02185,0.02185,0.0901,0.07745,0.07745,0.0993,7.292471052758491,0.0027,7.369921052758491,7.0,5.0,9.0,5,39,1,0.01050893211006802
39,12,Arizona,Big 12,12,1564.5953347049765,7.155,34,7.283,1571.55,1531.5591666666667,7.302121603394427,7.302121603394427,0.1036,0.03345,0.03345,0.07295,0.03345,0.03345,0.0669,7.335571603394428,0.00045,7.369021603394428,7.0,5.0,10.0,58,38,-1,0.004539272891341744
40,295,Old Dominion,Sun Belt,12,1575.1700840284366,-4.435,85,7.262,1455.65,1432.875,7.127035665158081,7.127035665158081,0.29265,0.1609,0.1609,0.05735,0.0111,0.0111,0.172,7.287935665158081,0.0,7.2990356651580806,7.0,5.0,10.0,101,40,0,0.0015207488371355422
41,193,Miami (OH),MAC,12,1532.8248653290132,-6.994,94,7.16,1430.06,1410.0133333333333,7.074861638747099,7.074861638747099,0.2934,0.138,0.138,0.03355,0.00545,0.00545,0.14345000000000002,7.212861638747099,0.0,7.218311638747099,7.0,5.0,10.0,131,41,0,0.0007550242041012752
42,98,Western Kentucky,CUSA,12,1545.7639015733887,-4.859,86,7.148,1451.41,1449.016666666667,6.939185482184772,6.939185482184772,0.45395,0.2676,0.2676,0.03025,0.0058,0.0058,0.2734,7.206785482184772,0.0,7.212585482184772,7.0,5.0,10.0,86,42,0,0.000804149914663211
43,221,Pittsburgh,ACC,12,1546.0551656100502,6.616,36,7.111,1566.16,1537.1808333333336,7.125969700782615,7.125969700782615,0.0663,0.0229,0.0229,0.05135,0.0252,0.0252,0.048100000000000004,7.1488697007826145,0.00015,7.174069700782614,7.0,5.0,9.0,54,45,2,0.0035126505667000905
44,278,Fresno State,Pac-12,12,1551.7055472880843,-2.498,77,6.211,1475.02,1453.1833333333334,7.040037084654803,7.040037084654803,0.29905,0.12545,0.12545,0.03625,0.00815,0.00815,0.1336,7.165487084654803,5e-05,7.1736370846548025,7.0,5.0,10.0,82,44,0,0.0011361043085708566
45,195,Ohio,MAC,12,1588.7078924763357,-7.957,97,7.132,1420.43,1402.7591666666667,7.055889851056345,7.055889851056345,0.2518,0.112,0.112,0.03475,0.00525,0.00525,0.11725000000000001,7.167889851056345,0.0,7.173139851056345,7.0,5.0,10.0,134,43,-2,0.0007318970644670847
46,2005,Air Force,Mountain West,12,1486.3948569085912,-6.842,93,7.16,1431.58,1414.1916666666666,7.052517106645637,7.052517106645637,0.2269,0.0904,0.0904,0.041,0.0084,0.0084,0.0988,7.142917106645637,5e-05,7.151317106645637,7.0,5.0,10.0,124,46,0,0.001174608799292927
47,55,Jacksonville State,CUSA,12,1546.7627328755677,-8.463,101,6.997,1415.37,1397.136666666667,6.963761204548134,6.963761204548134,0.28885,0.137,0.137,0.03475,0.00565,0.00565,0.14265,7.100761204548133,0.0,7.106411204548134,7.0,5.0,10.0,136,47,0,0.0007950567223557196
48,235,Memphis,American,12,1566.8902681126397,-1.917,74,6.998,1480.83,1456.2041666666667,6.984643562343682,6.984643562343682,0.15845,0.07915,0.07915,0.0496,0.0124,0.0124,0.09154999999999999,7.063793562343682,5e-05,7.076193562343683,7.0,5.0,10.0,80,48,0,0.001752354552027409
49,259,Virginia Tech,ACC,12,1460.6798708094761,7.384,33,7.017,1573.84,1542.9416666666666,6.985503581640779,6.985503581640779,0.07045,0.02365,0.02365,0.0513,0.02465,0.02465,0.048299999999999996,7.009153581640779,0.0002,7.033803581640779,7.0,5.0,9.0,47,49,0,0.0035045050254658774
50,264,Washington,Big Ten,12,1600.9248893802032,9.893,26,7.026,1598.93,1568.9399999999998,6.991236401663769,6.991236401663769,0.0189,0.00505,0.00505,0.04615,0.0263,0.0263,0.03135,6.9962864016637685,0.00045,7.0225864016637685,7.0,5.0,9.0,25,50,0,0.0037450589420685645
51,2306,Kansas State,Big 12,12,1567.7677608091935,5.057,41,7.036,1550.57,1527.2591666666667,6.964245909495737,6.964245909495737,0.07425,0.02145,0.02145,0.05145,0.02125,0.02125,0.0427,6.985695909495737,0.00015,7.006945909495737,7.0,5.0,9.0,64,51,0,0.0030327050150625867
52,309,Louisiana,Sun Belt,12,1513.5197651086505,-8.278,99,6.875,1417.22,1411.4358333333332,6.858999660434913,6.858999660434913,0.2034,0.0873,0.0873,0.02055,0.00235,0.00235,0.08965000000000001,6.946299660434913,0.0,6.948649660434913,7.0,5.0,10.0,129,52,0,0.00033819520552039385
53,48,Delaware,CUSA,12,1495.7661912110939,-6.555,91,6.862,1434.45,1429.25,6.706451590467088,6.706451590467088,0.33265,0.1781,0.1781,0.02575,0.0044,0.0044,0.1825,6.884551590467088,0.0,6.888951590467088,7.0,4.0,10.0,103,53,0,0.0006387038640377018
54,2572,Southern Miss,Sun Belt,12,1450.780719323985,-5.053,87,6.939,1449.47,1439.585,6.741778159177761,6.741778159177761,0.2368,0.1283,0.1283,0.0337,0.00685,0.00685,0.13515,6.870078159177761,0.0,6.876928159177761,7.0,4.0,10.0,97,54,0,0.0009960842750491986
55,2628,TCU,Big 12,12,1591.0704161911883,6.366,38,6.814,1563.66,1546.7924999999998,6.791847504625844,6.791847504625844,0.0662,0.0227,0.0227,0.04935,0.02295,0.02295,0.04565,6.814547504625844,0.0002,6.837497504625844,7.0,5.0,9.0,44,55,0,0.0033564911701208515
56,158,Nebraska,Big Ten,12,1513.0404089395065,8.842,30,6.736,1588.42,1565.318333333333,6.738766789885486,6.738766789885486,0.01095,0.0021,0.0021,0.02795,0.0152,0.0152,0.0173,6.740866789885486,0.0002,6.7560667898854865,7.0,5.0,9.0,29,57,1,0.002249829741582178
57,356,Illinois,Big Ten,12,1569.0792165945938,6.315,39,6.681,1563.15,1548.9341666666667,6.744423610014919,6.744423610014919,0.01215,0.0028,0.0028,0.01815,0.00815,0.00815,0.01095,6.7472236100149185,0.0002,6.755373610014918,7.0,5.0,9.0,40,56,-1,0.0012064469665922742
58,57,Florida,SEC,12,1518.3936958593818,13.575,18,6.732,1635.75,1607.3799999999999,6.693370038628711,6.693370038628711,0.0303,0.00965,0.00965,0.0454,0.03595,0.03595,0.0456,6.70302003862871,0.00125,6.73897003862871,7.0,4.0,9.0,6,58,0,0.005334643097376843
59,52,Florida State,ACC,12,1499.413404006198,9.319,28,6.701,1593.19,1570.3199999999997,6.675648969472221,6.675648969472221,0.0645,0.02515,0.02515,0.0491,0.0273,0.0273,0.05245,6.700798969472221,0.00025,6.728098969472222,7.0,4.0,9.0,23,59,0,0.0040576097533448615
60,2449,North Dakota State,Mountain West,12,1493.2620017636632,-8.324,100,6.578,1416.76,1412.3008333333335,6.610867139939102,6.610867139939102,0.15775,0.0564,0.0564,0.02025,0.0031,0.0031,0.0595,6.667267139939102,0.0,6.670367139939102,7.0,4.0,9.0,126,60,0,0.00046474203517803695
61,152,NC State,ACC,12,1553.8454510916579,3.719,51,6.673,1537.19,1524.545833333333,6.64352702312755,6.64352702312755,0.0549,0.01205,0.01205,0.02675,0.0096,0.0096,0.02165,6.655577023127551,0.0001,6.6651770231275504,7.0,4.0,9.0,66,61,0,0.0014403218349173447
62,239,Baylor,Big 12,12,1506.742602284211,6.518,37,6.585,1565.18,1547.7633333333333,6.613841005782323,6.613841005782323,0.0596,0.02,0.02,0.03825,0.01815,0.01815,0.03815,6.6338410057823225,0.0002,6.651991005782323,7.0,4.0,9.0,41,63,1,0.002728506395186478
63,2653,Troy,Sun Belt,12,1525.553590535352,-7.359,95,6.572,1426.41,1424.581666666667,6.566273376786167,6.566273376786167,0.16535,0.07695,0.07695,0.0183,0.00285,0.00285,0.07980000000000001,6.6432233767861675,0.0,6.646073376786167,7.0,4.0,9.0,112,62,-1,0.00042882463650712366
64,142,Missouri,SEC,12,1578.148822266773,12.18,21,6.695,1621.8,1602.8191666666664,6.604928956519391,6.604928956519391,0.0238,0.00675,0.00675,0.033,0.02295,0.02295,0.0297,6.611678956519391,0.0006,6.634628956519391,7.0,4.0,9.0,9,64,0,0.003459123358729598
65,16,Sacramento State,MAC,12,1485.151296309294,-10.422,111,6.685,1395.78,1395.0558333333336,6.536299728433759,6.536299728433759,0.1722,0.0692,0.0692,0.01665,0.00175,0.00175,0.07095,6.6054997284337595,0.0,6.60724972843376,7.0,4.0,9.0,137,65,0,0.00026486058071469856
66,276,Marshall,Sun Belt,12,1530.0999754001216,-8.786,104,6.5,1412.14,1416.9683333333332,6.50936310482704,6.50936310482704,0.1434,0.0622,0.0622,0.0156,0.003,0.003,0.0652,6.57156310482704,0.0,6.57456310482704,7.0,4.0,9.0,122,66,0,0.0004563040847227403
67,2084,Buffalo,MAC,12,1483.6091915407774,-10.782,113,6.641,1392.18,1414.7291666666667,6.5162254715065275,6.5162254715065275,0.12955,0.0529,0.0529,0.01315,0.0013,0.0013,0.054200000000000005,6.569125471506528,0.0,6.570425471506527,7.0,4.0,9.0,123,67,0,0.00019785628885642378
68,338,Kennesaw State,CUSA,12,1503.6964305644092,-9.012,106,6.466,1409.88,1417.2766666666669,6.453976204134605,6.453976204134605,0.2274,0.1063,0.1063,0.0175,0.0032,0.0032,0.1095,6.560276204134605,0.0,6.563476204134605,6.5,4.0,9.0,121,68,0,0.00048754652267714294
69,2,Auburn,SEC,12,1512.1218301935126,12.007,22,6.6,1620.07,1602.9899999999998,6.511046669830302,6.511046669830302,0.0216,0.00725,0.00725,0.0327,0.02575,0.02575,0.033,6.518296669830302,0.00075,6.544046669830302,7.0,4.0,9.0,8,69,0,0.003934874138155824
70,2636,UTSA,American,12,1554.2419530113443,-5.31,88,6.438,1446.9,1458.6416666666667,6.453728237988348,6.453728237988348,0.10635,0.04315,0.04315,0.01545,0.0031,0.0031,0.04625,6.496878237988348,0.0,6.499978237988348,7.0,4.0,9.0,78,70,0,0.0004769246736677393
71,275,Wisconsin,Big Ten,12,1487.2990174705944,4.818,43,6.508,1548.18,1539.2616666666663,6.481729145967605,6.481729145967605,0.01515,0.00265,0.00265,0.0132,0.00545,0.00545,0.0081,6.484379145967605,0.0,6.4898291459676045,6.0,4.0,9.0,52,71,0,0.0008397755745829314
72,349,Army,American,12,1561.2074942093564,-5.63,89,6.445,1443.7,1445.3775000000003,6.426100856822648,6.426100856822648,0.0885,0.0372,0.0372,0.0233,0.0047,0.0047,0.0419,6.463300856822649,0.0,6.468000856822648,6.0,4.0,9.0,92,72,0,0.000726654201822236
73,2579,South Carolina,SEC,12,1522.7343019903049,11.692,23,6.443,1616.92,1596.4616666666664,6.407790628473289,6.407790628473289,0.01935,0.00635,0.00635,0.02495,0.01725,0.01725,0.023600000000000003,6.414140628473289,0.0005,6.431390628473289,6.0,4.0,9.0,14,73,0,0.002682157094241822
74,2132,Cincinnati,Big 12,12,1514.9892970348594,4.406,46,6.381,1544.06,1541.7183333333332,6.3703185259908,6.3703185259908,0.03535,0.01115,0.01115,0.0266,0.0116,0.0116,0.02275,6.3814685259908,5e-05,6.3930685259908,6.0,4.0,9.0,50,74,0,0.001814465143434737
75,2032,Arkansas State,Sun Belt,12,1502.3705877211905,-9.153,107,6.232,1408.47,1419.239166666667,6.180832688964376,6.180832688964376,0.1243,0.0522,0.0522,0.0092,0.00175,0.00175,0.053950000000000005,6.233032688964376,0.0,6.234782688964376,6.0,4.0,9.0,118,75,0,0.00028068339945472624
76,238,Vanderbilt,SEC,12,1585.6541219990643,8.986,29,6.181,1589.8600000000001,1589.7,6.202914262429807,6.202914262429807,0.01475,0.00385,0.00385,0.0183,0.0115,0.0115,0.015349999999999999,6.2067642624298065,0.0004,6.218264262429806,6.0,4.0,8.0,16,77,1,0.0018493906843879194
77,154,Wake Forest,ACC,12,1529.92544671913,3.379,53,6.267,1533.79,1530.424166666667,6.205652980655072,6.205652980655072,0.0249,0.0068,0.0068,0.0146,0.0057,0.0057,0.0125,6.212452980655073,0.0,6.218152980655073,6.0,4.0,8.0,60,76,-1,0.0009166709178325031
78,249,North Texas,American,12,1582.7108222118402,-6.401,90,6.198,1435.99,1456.8400000000001,6.127647166382169,6.127647166382169,0.0808,0.02965,0.02965,0.0076,0.001,0.001,0.03065,6.157297166382169,0.0,6.1582971663821695,6.0,4.0,8.0,79,78,0,0.00016238255040028744
79,265,Washington State,Pac-12,12,1539.0144373980902,-4.054,83,5.12,1459.46,1486.371666666667,6.050244246130571,6.050244246130571,0.18905,0.0756,0.0756,0.0123,0.0028,0.0028,0.0784,6.125844246130571,0.0,6.128644246130571,6.0,4.0,9.0,69,79,0,0.0004568710284934274
80,2026,App State,Sun Belt,12,1480.6685689636797,-9.767,109,6.089,1402.33,1418.7666666666664,6.035320461061073,6.035320461061073,0.1017,0.0424,0.0424,0.00935,0.00095,0.00095,0.04335,6.077720461061073,0.0,6.078670461061073,6.0,4.0,8.0,119,80,0,0.00015628417531194332
81,2116,UCF,Big 12,12,1489.4003982770075,2.116,57,6.147,1521.16,1528.3225,6.034489737616941,6.034489737616941,0.0275,0.006,0.006,0.0128,0.00565,0.00565,0.01165,6.040489737616941,0.0,6.046139737616941,6.0,4.0,8.0,62,81,0,0.0009344805520864329
82,38,Colorado,Big 12,12,1467.879019653969,4.546,45,6.008,1545.46,1551.9908333333335,5.950785881579627,5.950785881579627,0.037,0.01185,0.01185,0.02085,0.00895,0.00895,0.0208,5.962635881579627,0.0,5.971585881579626,6.0,4.0,8.0,36,82,0,0.0014987643445952606
83,2305,Kansas,Big 12,12,1510.745862828165,2.759,55,6.036,1527.59,1534.2075000000002,5.947223177361519,5.947223177361519,0.0271,0.00745,0.00745,0.0142,0.00455,0.00455,0.012,5.95467317736152,0.0,5.95922317736152,6.0,4.0,8.0,57,83,0,0.000763522335811316
84,150,Duke,ACC,12,1577.009218105595,3.547,52,5.986,1535.47,1547.415,5.947152426790325,5.947152426790325,0.02515,0.0065,0.0065,0.01215,0.00465,0.00465,0.01115,5.953652426790325,5e-05,5.958302426790325,6.0,4.0,8.0,43,84,0,0.0007804236285644376
85,9,Arizona State,Big 12,12,1555.1781033372504,4.76,44,5.957,1547.6,1564.39,5.884267919767651,5.884267919767651,0.033,0.0101,0.0101,0.0177,0.00855,0.00855,0.01865,5.894367919767651,5e-05,5.902917919767651,6.0,4.0,8.0,30,85,0,0.00144843619989494
86,197,Oklahoma State,Big 12,12,1410.4084082476475,3.345,54,5.999,1533.45,1547.4508333333333,5.853566932186051,5.853566932186051,0.03005,0.0086,0.0086,0.01425,0.0052,0.0052,0.0138,5.862166932186051,5e-05,5.8673669321860515,6.0,4.0,8.0,42,87,1,0.000886257849577271
87,2229,Florida International,CUSA,12,1480.9401267753758,-12.58,119,5.95,1374.2,1399.8225000000002,5.822437322647002,5.822437322647002,0.11305,0.0422,0.0422,0.0049,0.00045,0.00045,0.04265,5.8646373226470025,0.0,5.865087322647002,6.0,3.0,8.0,135,86,-1,7.67252003669927e-05
88,59,Georgia Tech,ACC,12,1549.6876814460006,4.186,48,5.781,1541.86,1564.3583333333333,5.8067577975023426,5.8067577975023426,0.039,0.01105,0.01105,0.0154,0.0059,0.0059,0.01695,5.817807797502343,0.0,5.823707797502342,6.0,4.0,8.0,31,88,0,0.0010131002799505801
89,326,Texas State,Pac-12,11,1544.6395123307489,-4.26,84,5.648,1457.4,1483.590909090909,5.740177195113274,5.740177195113274,0.1741,0.06485,0.06485,0.00375,0.0008,0.0008,0.06565,5.805027195113274,0.0,5.805827195113274,6.0,4.0,8.0,70,89,0,0.00013779259580329133
90,153,North Carolina,ACC,12,1477.8403146974013,4.91,42,5.834,1549.1,1568.1141666666665,5.72791675827701,5.72791675827701,0.02205,0.00625,0.00625,0.0127,0.0058,0.0058,0.01205,5.734166758277009,5e-05,5.739966758277009,6.0,3.0,8.0,27,90,0,0.0010104588134829218
91,328,Utah State,Pac-12,12,1483.5596826880465,-6.707,92,4.713,1432.93,1479.3158333333333,5.665360475545504,5.665360475545504,0.1038,0.03615,0.03615,0.00525,0.00075,0.00075,0.0369,5.701510475545504,0.0,5.702260475545504,6.0,4.0,8.0,73,91,0,0.00013152678717789573
92,290,Georgia Southern,Sun Belt,12,1515.9895287187626,-8.701,103,5.748,1412.99,1448.1924999999999,5.628683220287547,5.628683220287547,0.09395,0.04295,0.04295,0.00685,0.00105,0.00105,0.044000000000000004,5.671633220287547,0.0,5.6726832202875475,6.0,3.0,8.0,87,92,0,0.00018509759125008492
93,2623,Missouri State,CUSA,12,1481.5380746037192,-10.255,110,5.651,1397.45,1444.9908333333335,5.563325545494958,5.563325545494958,0.1356,0.0624,0.0624,0.00295,0.00035,0.00035,0.06275,5.625725545494959,0.0,5.626075545494959,6.0,3.0,8.0,94,93,0,6.221032710452317e-05
94,218,Temple,American,12,1442.9352206402036,-8.6,102,5.518,1414.0,1451.1133333333335,5.606088924256934,5.606088924256934,0.03835,0.0137,0.0137,0.00405,0.0008,0.0008,0.0145,5.619788924256934,0.0,5.620588924256934,6.0,3.0,8.0,84,95,1,0.00014233383917251402
95,202,Tulsa,American,12,1420.7473302551928,-8.963,105,5.726,1410.37,1441.0325000000003,5.607035238455243,5.607035238455243,0.03715,0.0128,0.0128,0.0029,0.00025,0.00025,0.01305,5.619835238455243,0.0,5.6200852384552435,6.0,3.0,8.0,95,94,-1,4.4483311087416156e-05
96,6,South Alabama,Sun Belt,12,1489.0896914787475,-10.531,112,5.422,1394.69,1431.2108333333333,5.533311391968184,5.533311391968184,0.0686,0.0268,0.0268,0.00455,0.0009,0.0009,0.027700000000000002,5.560111391968183,0.0,5.561011391968183,5.0,3.0,8.0,102,96,0,0.00016184106389349927
97,2117,Central Michigan,MAC,12,1477.4552103504884,-12.806,120,5.559,1371.94,1424.6583333333335,5.5073526267640664,5.5073526267640664,0.0677,0.02525,0.02525,0.003,0.00015,0.00015,0.025400000000000002,5.532602626764066,0.0,5.532752626764066,5.0,3.0,8.0,111,97,0,2.711127898153117e-05
98,2348,Louisiana Tech,Sun Belt,12,1507.3959862715305,-9.556,108,5.569,1404.44,1452.6308333333334,5.487204091655475,5.487204091655475,0.0813,0.034,0.034,0.00415,0.00065,0.00065,0.03465,5.521204091655475,0.0,5.5218540916554755,6.0,3.0,8.0,83,98,0,0.00011771408465541819
99,25,California,ACC,12,1498.3107498776164,0.884,62,5.556,1508.84,1538.8683333333336,5.513807876605374,5.513807876605374,0.01745,0.00315,0.00315,0.0066,0.002,0.002,0.00515,5.516957876605374,0.0,5.5189578766053735,5.0,3.0,8.0,53,99,0,0.0003623872558400771
100,277,West Virginia,Big 12,12,1485.1568334169335,0.197,66,5.392,1501.97,1541.230833333333,5.395389647085011,5.395389647085011,0.01025,0.00215,0.00215,0.0042,0.0016,0.0016,0.00375,5.397539647085011,0.0,5.399139647085011,5.0,3.0,8.0,51,100,0,0.00029634351111178204
101,2751,Wyoming,Mountain West,12,1449.419507082004,-13.069,121,5.429,1369.31,1411.6575,5.351313046683479,5.351313046683479,0.04325,0.01265,0.01265,0.0024,0.0003,0.0003,0.01295,5.3639630466834785,0.0,5.364263046683479,5.0,3.0,8.0,128,101,0,5.5925669078715044e-05
102,120,Maryland,Big Ten,12,1466.2899098290602,1.024,61,5.365,1510.24,1558.3,5.322422082634017,5.322422082634017,0.00175,0.0002,0.0002,0.00165,0.0005,0.0005,0.0007,5.322622082634018,0.0,5.3231220826340175,5.0,3.0,8.0,32,102,0,9.392983896258625e-05
103,2440,Nevada,Mountain West,12,1418.4570202060358,-11.931,116,4.832,1380.69,1424.8908333333331,5.2948931155175964,5.2948931155175964,0.0537,0.0173,0.0173,0.00285,0.00035,0.00035,0.01765,5.312193115517596,0.0,5.312543115517596,5.0,3.0,8.0,110,103,0,6.588181825342227e-05
104,135,Minnesota,Big Ten,12,1551.8288923373427,0.612,63,5.276,1506.12,1550.9966666666667,5.230917764497329,5.230917764497329,0.00165,0.0003,0.0003,0.0013,0.0005,0.0005,0.0007999999999999999,5.2312177644973294,0.0,5.231717764497329,5.0,3.0,7.0,37,104,0,9.557090472139426e-05
105,66,Iowa State,Big 12,12,1573.4343284874858,-0.943,72,5.127,1490.57,1535.2141666666666,5.165765839274945,5.165765839274945,0.0097,0.0018,0.0018,0.0032,0.00085,0.00085,0.00265,5.167565839274945,0.0,5.168415839274945,5.0,3.0,7.0,55,105,0,0.00016446045102269535
106,324,Coastal Carolina,Sun Belt,12,1485.0089825608711,-12.093,117,5.166,1379.07,1428.7691666666667,5.123764250902139,5.123764250902139,0.03985,0.016,0.016,0.0032,0.00035,0.00035,0.01635,5.139764250902139,0.0,5.140114250902139,5.0,3.0,7.0,104,106,0,6.809187168136811e-05
107,77,Northwestern,Big Ten,12,1513.7362022171296,1.414,60,4.916,1514.14,1575.5800000000002,5.079279952315581,5.079279952315581,0.00045,0.0001,0.0001,0.00075,0.00035,0.00035,0.00045,5.0793799523155805,0.0,5.0797299523155806,5.0,3.0,7.0,21,107,0,6.890130051902729e-05
108,2226,Florida Atlantic,American,12,1439.9029701699515,-11.256,115,5.101,1387.44,1445.6433333333332,5.064276153097104,5.064276153097104,0.0167,0.0045,0.0045,0.0014,0.00035,0.00035,0.004849999999999999,5.0687761530971045,0.0,5.069126153097105,5.0,3.0,7.0,90,108,0,6.904543099330031e-05
109,26,UCLA,Big Ten,12,1466.4110079948434,0.472,64,5.065,1504.72,1550.5275000000001,5.060744502648658,5.060744502648658,0.00145,0.00015,0.00015,0.001,5e-05,5e-05,0.00019999999999999998,5.060894502648658,0.0,5.060944502648658,5.0,3.0,7.0,38,109,0,9.87957879677052e-06
110,23,San José State,Mountain West,13,1446.7251304559052,-14.286,124,5.022,1357.14,1436.7507692307695,5.0200083596510146,5.0200083596510146,0.0416,0.01125,0.01125,0.00185,0.0002,0.0002,0.01145,5.031258359651015,0.0,5.031458359651015,5.0,3.0,7.0,99,110,0,3.9749906628238916e-05
111,164,Rutgers,Big Ten,12,1502.6841266592369,-0.153,67,5.134,1498.47,1549.6583333333335,5.011802018301033,5.011802018301033,0.00075,5e-05,5e-05,0.00035,0.0,0.0,5e-05,5.011852018301033,0.0,5.011852018301033,5.0,3.0,7.0,39,111,0,0.0
112,41,UConn,FBS Indep.,12,1543.9933939216007,-11.163,114,4.789,1388.37,1445.2275,5.004539939327643,5.004539939327643,0.0,0.0,0.0,0.0005,0.0001,0.0001,0.0001,5.004539939327643,0.0,5.004639939327642,5.0,3.0,7.0,93,112,0,1.9981457449950872e-05
113,189,Bowling Green,MAC,12,1465.9437628664605,-13.682,123,4.668,1363.18,1427.2800000000004,4.958034654102836,4.958034654102836,0.04015,0.0148,0.0148,0.0007,0.0001,0.0001,0.0149,4.9728346541028365,0.0,4.972934654102836,5.0,3.0,7.0,107,113,0,2.0108850599413504e-05
114,2199,Eastern Michigan,MAC,12,1450.9222924246512,-16.316,131,4.759,1336.84,1411.7,4.663648794356668,4.663648794356668,0.02225,0.00675,0.00675,0.00035,5e-05,5e-05,0.0068,4.670398794356668,0.0,4.670448794356668,5.0,3.0,7.0,127,114,0,1.0705609289714366e-05
115,96,Kentucky,SEC,12,1499.9290973872783,5.366,40,4.615,1553.66,1611.131666666667,4.6665819770982155,4.6665819770982155,0.00095,0.0,0.0,0.00115,0.00045,0.00045,0.00045,4.6665819770982155,0.0,4.667031977098215,5.0,3.0,7.0,3,115,0,9.642102351306216e-05
116,344,Mississippi State,SEC,12,1464.1763612631216,4.082,49,4.617,1540.82,1601.7558333333334,4.659165474119966,4.659165474119966,0.00135,0.0003,0.0003,0.001,0.0005,0.0005,0.0007999999999999999,4.659465474119966,0.0,4.659965474119966,5.0,3.0,7.0,12,116,0,0.00010729693230064648
117,127,Michigan State,Big Ten,12,1460.6065885533585,0.281,65,4.635,1502.81,1566.1000000000001,4.618506170959805,4.618506170959805,0.0014,0.00015,0.00015,0.00055,0.00025,0.00025,0.00039999999999999996,4.618656170959805,0.0,4.618906170959805,5.0,2.0,7.0,28,117,0,5.412536880957038e-05
118,2393,Middle Tennessee,CUSA,12,1410.641569713654,-16.066,130,4.7,1339.34,1411.415,4.5976867805401245,4.5976867805401245,0.04135,0.01415,0.01415,0.00105,5e-05,5e-05,0.014199999999999999,4.611836780540124,0.0,4.611886780540124,5.0,2.0,7.0,130,118,0,1.0841549755942669e-05
119,183,Syracuse,ACC,12,1466.1897194786218,-0.808,70,4.809,1491.92,1554.2008333333335,4.606578812070368,4.606578812070368,0.006,0.00115,0.00115,0.002,0.0006,0.0006,0.0017499999999999998,4.607728812070368,0.0,4.6083288120703685,5.0,2.0,7.0,34,119,0,0.00013019904274808895
120,204,Oregon State,Pac-12,11,1435.6992532171582,-8.101,98,4.375,1418.99,1482.8354545454547,4.555105222599854,4.555105222599854,0.0625,0.0191,0.0191,0.0003,0.0,0.0,0.0191,4.574205222599854,0.0,4.574205222599854,5.0,2.0,7.0,71,120,0,0.0
121,36,Colorado State,Pac-12,12,1426.400353187066,-12.364,118,3.579,1376.36,1470.4975000000002,4.547120522771813,4.547120522771813,0.02715,0.0064,0.0064,0.0006,0.00015,0.00015,0.00655,4.553520522771813,0.0,4.553670522771813,4.0,2.0,7.0,75,121,0,3.29404596247985e-05
122,113,Massachusetts,MAC,12,1326.6581795513748,-18.834,137,4.88,1311.66,1402.8166666666668,4.489602224981083,4.489602224981083,0.01485,0.00345,0.00345,0.0001,0.0,0.0,0.00345,4.493052224981083,0.0,4.493052224981083,4.0,2.0,7.0,133,122,0,0.0
123,2459,Northern Illinois,Mountain West,12,1454.689334421213,-14.51,125,4.278,1354.9,1438.2183333333332,4.458499311156425,4.458499311156425,0.02605,0.00655,0.00655,0.00055,0.00015,0.00015,0.0067,4.465049311156425,0.0,4.465199311156424,4.0,2.0,7.0,98,123,0,3.359312531138774e-05
124,2247,Georgia State,Sun Belt,12,1397.033437656627,-15.225,127,4.55,1347.75,1425.2958333333333,4.452990456184878,4.452990456184878,0.0154,0.0054,0.0054,0.00065,0.0,0.0,0.0054,4.458390456184878,0.0,4.458390456184878,4.0,2.0,7.0,109,124,0,0.0
125,166,New Mexico State,CUSA,12,1433.5126054786574,-15.705,129,4.439,1342.95,1427.8908333333336,4.353738729343071,4.353738729343071,0.041,0.0151,0.0151,0.0005,5e-05,5e-05,0.01515,4.3688387293430715,0.0,4.368888729343071,4.0,2.0,7.0,106,125,0,1.1444557895050411e-05
126,8,Arkansas,SEC,12,1480.0004014177623,4.396,47,4.322,1543.96,1621.8316666666667,4.320363334248549,4.320363334248549,0.0005,0.0001,0.0001,0.00035,0.00015,0.00015,0.00025,4.320463334248549,0.0,4.320613334248549,4.0,2.0,6.0,1,126,0,3.4717293216447555e-05
127,2509,Purdue,Big Ten,12,1417.6508155294216,-0.929,71,4.296,1490.71,1578.9950000000001,4.288003485399168,4.288003485399168,0.0006,5e-05,5e-05,0.0001,0.0,0.0,5e-05,4.288053485399168,0.0,4.288053485399168,4.0,2.0,6.0,19,127,0,0.0
128,2006,Akron,MAC,12,1436.2328359935063,-16.854,133,4.355,1331.46,1420.9708333333335,4.254301526264371,4.254301526264371,0.02185,0.00575,0.00575,0.00035,5e-05,5e-05,0.0058,4.260051526264371,0.0,4.26010152626437,4.0,2.0,6.0,114,128,0,1.1736809484877318e-05
129,2050,Ball State,MAC,12,1417.574643972626,-17.282,134,4.201,1327.18,1434.996666666667,4.149564005350466,4.149564005350466,0.01775,0.00465,0.00465,0.0001,0.0,0.0,0.00465,4.1542140053504655,0.0,4.1542140053504655,4.0,2.0,6.0,100,129,0,0.0
130,5,UAB,American,12,1433.3496494277215,-15.451,128,3.988,1345.49,1445.621666666667,3.9824090445047093,3.9824090445047093,0.00285,0.00085,0.00085,0.00015,0.0,0.0,0.00085,3.983259044504709,0.0,3.983259044504709,4.0,2.0,6.0,91,130,0,0.0
131,103,Boston College,ACC,12,1459.7059444142546,-2.668,78,3.953,1473.32,1573.5866666666668,3.9648304374644394,3.9648304374644394,0.00205,0.0003,0.0003,0.0004,5e-05,5e-05,0.00035,3.9651304374644396,0.0,3.9651804374644395,4.0,2.0,6.0,22,131,0,1.2609766639515863e-05
132,2638,UTEP,Mountain West,12,1399.440037902969,-16.605,132,4.053,1333.95,1454.7433333333336,3.952257177407369,3.952257177407369,0.0148,0.0032,0.0032,5e-05,0.0,0.0,0.0032,3.9554571774073692,0.0,3.9554571774073692,4.0,2.0,6.0,81,132,0,0.0
133,242,Rice,American,12,1437.41450645784,-13.439,122,3.983,1365.6100000000001,1474.8733333333332,3.9160417524609907,3.9160417524609907,0.0065,0.00165,0.00165,5e-05,0.0,0.0,0.00165,3.917691752460991,0.0,3.917691752460991,4.0,2.0,6.0,74,133,0,0.0
134,2534,Sam Houston,CUSA,12,1425.3954933761631,-18.422,136,3.868,1315.78,1428.3383333333334,3.8319940007564446,3.8319940007564446,0.0184,0.00465,0.00465,0.00015,0.0,0.0,0.00465,3.8366440007564444,0.0,3.8366440007564444,4.0,2.0,6.0,105,134,0,0.0
135,2309,Kent State,MAC,12,1406.3369659655002,-17.891,135,3.76,1321.0900000000001,1450.729166666667,3.821074371998311,3.821074371998311,0.01375,0.0042,0.0042,5e-05,0.0,0.0,0.0042,3.825274371998311,0.0,3.825274371998311,4.0,2.0,6.0,85,135,0,0.0
136,24,Stanford,ACC,12,1444.2163029586186,-3.344,80,3.878,1466.56,1569.9908333333333,3.814477620773611,3.814477620773611,0.00145,0.00015,0.00015,0.00025,0.0,0.0,0.00015,3.814627620773611,0.0,3.814627620773611,4.0,2.0,6.0,24,136,0,0.0
137,2429,Charlotte,American,12,1375.2465526686196,-14.583,126,3.907,1354.17,1460.5225,3.6998946263214716,3.6998946263214716,0.0049,0.0013,0.0013,0.0,0.0,0.0,0.0013,3.7011946263214717,0.0,3.7011946263214717,4.0,2.0,6.0,76,137,0,0.0
138,2433,UL Monroe,Sun Belt,12,1405.4786062115152,-19.255,138,3.4,1307.45,1419.9099999999999,3.626788374230408,3.626788374230408,0.0054,0.00125,0.00125,5e-05,0.0,0.0,0.00125,3.628038374230408,0.0,3.628038374230408,4.0,2.0,6.0,116,138,0,0.0
